"Folder","Name","Type"
"Capas_Coexistencia","Capas_Coexistencia/coexistencia","FeatureServer"
"Capas_Demanda","Capas_Demanda/consumo_sectorial_dpto","FeatureServer"
"Capas_EnergiaElectrica_LATAM","Capas_EnergiaElectrica_LATAM/sistema_transmision_latam_lineas","FeatureServer"
"Capas_EnergiaElectrica_LATAM","Capas_EnergiaElectrica_LATAM/sistema_transmision_latam_subestaciones","FeatureServer"
"Capas_EnergiaElectrica","Capas_EnergiaElectrica/capacidad_asignada","FeatureServer"
"Capas_EnergiaElectrica","Capas_EnergiaElectrica/comunidades_energeticas_postuladas","FeatureServer"
"Capas_EnergiaElectrica","Capas_EnergiaElectrica/convocatorias__subestaciones","MapServer"
"Capas_EnergiaElectrica","Capas_EnergiaElectrica/convocatorias_lineas_transmision","MapServer"
"Capas_EnergiaElectrica","Capas_EnergiaElectrica/convocatorias_otros_proyectos","FeatureServer"
"Capas_EnergiaElectrica","Capas_EnergiaElectrica/indice_cobertura_energia_electrica_depto","FeatureServer"
"Capas_EnergiaElectrica","Capas_EnergiaElectrica/indice_cobertura_energia_electrica_mpio","MapServer"
"Capas_EnergiaElectrica","Capas_EnergiaElectrica/Índice_de_Cobertura_de_Energía_Eléctrica_Departamento_Histórico","MapServer"
"Capas_EnergiaElectrica","Capas_EnergiaElectrica/Índice_de_Cobertura_de_Energía_Eléctrica_Municipios_Histórico","MapServer"
"Capas_EnergiaElectrica","Capas_EnergiaElectrica/Índice_de_Cobertura_de_Energía_Eléctrica_Nacional_Histórico","MapServer"
"Capas_EnergiaElectrica","Capas_EnergiaElectrica/plan_indicativo_expansion_cobertura","MapServer"
"Capas_EnergiaElectrica","Capas_EnergiaElectrica/proyectos_generacion_xm","FeatureServer"
"Capas_EnergiaElectrica","Capas_EnergiaElectrica/proyectos_unificados_6gw","MapServer"
"Capas_EnergiaElectrica","Capas_EnergiaElectrica/puntos_carga","FeatureServer"
"Capas_EnergiaElectrica","Capas_EnergiaElectrica/sistema_transmision_apoyo_construido","FeatureServer"
"Capas_EnergiaElectrica","Capas_EnergiaElectrica/Sistema_transmision_lineas_construidas","MapServer"
"Capas_EnergiaElectrica","Capas_EnergiaElectrica/sistema_transmision_subestaciones_construidas","FeatureServer"
"Capas_FuenteEnergia_Biomasa","Capas_FuenteEnergia_Biomasa/biogas_residual_organico_urbano_2021","FeatureServer"
"Capas_FuenteEnergia_Biomasa","Capas_FuenteEnergia_Biomasa/obco_dpto","MapServer"
"Capas_FuenteEnergia_Biomasa","Capas_FuenteEnergia_Biomasa/obco_mpio","MapServer"
"Capas_FuenteEnergia_Biomasa","Capas_FuenteEnergia_Biomasa/potencial_biomasa","MapServer"
"Capas_FuenteEnergia_Biomasa","Capas_FuenteEnergia_Biomasa/potencial_biomasa_total_nal_ano_tj","FeatureServer"
"Capas_FuenteEnergia_Biomasa","Capas_FuenteEnergia_Biomasa/tipos_biomasa_obco","FeatureServer"
"Capas_FuenteEnergia_Eolica","Capas_FuenteEnergia_Eolica/energia_eolica_20metros","FeatureServer"
"Capas_FuenteEnergia_Eolica","Capas_FuenteEnergia_Eolica/velocidad_max_viento_2000_2010","FeatureServer"
"Capas_FuenteEnergia_Geotermia","Capas_FuenteEnergia_Geotermia/potencia_potencial_areas_geotermicas","FeatureServer"
"Capas_FuenteEnergia_Hidraulica","Capas_FuenteEnergia_Hidraulica/caida_hidraulica_1km","MapServer"
"Capas_FuenteEnergia_Hidraulica","Capas_FuenteEnergia_Hidraulica/caida_hidraulica_200m","MapServer"
"Capas_FuenteEnergia_Hidraulica","Capas_FuenteEnergia_Hidraulica/caida_hidraulica_5km","FeatureServer"
"Capas_FuenteEnergia_Hidraulica","Capas_FuenteEnergia_Hidraulica/caudal_probabilidad_95","FeatureServer"
"Capas_FuenteEnergia_Hidraulica","Capas_FuenteEnergia_Hidraulica/potencial_hidroenergetico","FeatureServer"
"Capas_FuenteEnergia_Hidraulica","Capas_FuenteEnergia_Hidraulica/potencial_medio_subzona_1km","MapServer"
"Capas_FuenteEnergia_Hidraulica","Capas_FuenteEnergia_Hidraulica/potencial_medio_subzona_200m","FeatureServer"
"Capas_FuenteEnergia_Hidraulica","Capas_FuenteEnergia_Hidraulica/potencial_medio_subzona_5km","FeatureServer"
"Capas_FuenteEnergia_Hidraulica","Capas_FuenteEnergia_Hidraulica/proyectos_grandes_centrales_1km","FeatureServer"
"Capas_FuenteEnergia_Hidraulica","Capas_FuenteEnergia_Hidraulica/proyectos_micro_centrales_200m","FeatureServer"
"Capas_FuenteEnergia_Hidraulica","Capas_FuenteEnergia_Hidraulica/proyectos_mini_centrales_200m","FeatureServer"
"Capas_FuenteEnergia_Hidraulica","Capas_FuenteEnergia_Hidraulica/proyectos_pequenas_centrales_1km","MapServer"
"Capas_FuenteEnergia_Solar","Capas_FuenteEnergia_Solar/brillo_solar_2005","FeatureServer"
"Capas_FuenteEnergia_Solar","Capas_FuenteEnergia_Solar/prediccion_radiacion","FeatureServer"
"Capas_FuenteEnergia_Solar","Capas_FuenteEnergia_Solar/radiacion_anual_departamental_2022","FeatureServer"
"Capas_FuenteEnergia_Solar","Capas_FuenteEnergia_Solar/radiacion_horizontal_media_dia_anual_2024","FeatureServer"
"Capas_FuenteEnergia_Solar","Capas_FuenteEnergia_Solar/radiacion_mensual_departamental_2022","FeatureServer"
"Capas_Gas_LATAM","Capas_Gas_LATAM/estaciones_gasoductos_latam","FeatureServer"
"Capas_Gas_LATAM","Capas_Gas_LATAM/gasoductos_latam","MapServer"
"Capas_Hidrocarburos","Capas_Hidrocarburos/ductos_hidrocarburos","MapServer"
"Capas_Hidrocarburos","Capas_Hidrocarburos/estaciones_servicio","FeatureServer"
"Capas_Hidrocarburos","Capas_Hidrocarburos/infraestructura_procesamiento_hidrocarburos","MapServer"
"Capas_Hidrocarburos","Capas_Hidrocarburos/municipios_cobertura_empresas_gas","FeatureServer"
"Capas_Hidrocarburos","Capas_Hidrocarburos/nodos_oferta_demanda","FeatureServer"
"Capas_Hidrocarburos","Capas_Hidrocarburos/plan_nacional_sustitucion_lena_dpto","FeatureServer"
"Capas_Hidrocarburos","Capas_Hidrocarburos/plantas_abastecimiento","FeatureServer"
"Capas_Hidrocarburos","Capas_Hidrocarburos/produccion_fiscalizada_ctos","MapServer"
"Capas_MapaSocioAmbiental","Capas_MapaSocioAmbiental/datos_socioambientales_dptos","FeatureServer"
"Capas_MapaSocioAmbiental","Capas_MapaSocioAmbiental/restricciones_socioambientales","FeatureServer"
"Capas_Mineria","Capas_Mineria/distritos_mineros","FeatureServer"
"Capas_PERS","Capas_PERS/demanda_energetica_consumos","FeatureServer"
"Capas_PERS","Capas_PERS/encuestas_sectores","FeatureServer"
"Capas_PERS","Capas_PERS/infraestructura_pers_linea","FeatureServer"
"Capas_PERS","Capas_PERS/infraestructura_pers_punto","FeatureServer"
"Capas_PERS","Capas_PERS/municipios_pers","FeatureServer"
"Capas_PERS","Capas_PERS/oferta_energetica_agricola","FeatureServer"
"Capas_PERS","Capas_PERS/oferta_energetica_brillo_solar","FeatureServer"
"Capas_PERS","Capas_PERS/oferta_energetica_eolica","FeatureServer"
"Capas_PERS","Capas_PERS/oferta_energetica_forestal","FeatureServer"
"Capas_PERS","Capas_PERS/oferta_energetica_pecuaria","FeatureServer"
"Capas_PERS","Capas_PERS/oferta_energetica_radiacion_solar","FeatureServer"
"Capas_PERS","Capas_PERS/regiones_pers","FeatureServer"
"Capas_PERS","Capas_PERS/sitios_proyectos_beneficiarios","FeatureServer"
"Capas_PERS","Capas_PERS/subregiones_pers","MapServer"
"Capas_UPME_CartografiaSocial","Capas_UPME_CartografiaSocial/upme_cartografia_social","FeatureServer"
"Capas_UPME_General","Capas_UPME_General/eventos_upme","FeatureServer"
"Capas_UPME_General","Capas_UPME_General/zonas_enlaces_territorializacion","FeatureServer"
"Capas_ZonasNoInterconectadas","Capas_ZonasNoInterconectadas/implementacion_zni","MapServer"
"Capas_ZonasNoInterconectadas","Capas_ZonasNoInterconectadas/postulaciones_zni","FeatureServer"
"Capas_ZonasNoInterconectadas","Capas_ZonasNoInterconectadas/usuarios_zni","FeatureServer"
"Hosted","Hosted/capa_paises_meta","FeatureServer"
"Hosted","Hosted/Convocatorias_2025_WFL1","FeatureServer"
"Hosted","Hosted/survey123_5855386dbbd64c80ab5eede4974b8b3b_form","FeatureServer"
"Hosted","Hosted/survey123_5855386dbbd64c80ab5eede4974b8b3b_results","FeatureServer"
"Hosted","Hosted/Tile_Aguasresiduales","VectorTileServer"
"Hosted","Hosted/Tile_Arroz","VectorTileServer"
"Hosted","Hosted/Tile_Avicultura","VectorTileServer"
"Hosted","Hosted/Tile_Banano","VectorTileServer"
"Hosted","Hosted/tile_brou","MapServer"
"Hosted","Hosted/Tile_Cafe","VectorTileServer"
"Hosted","Hosted/Tile_CanaAzucar","VectorTileServer"
"Hosted","Hosted/Tile_Canapanelera","VectorTileServer"
"Hosted","Hosted/Tile_Caprinocultura","VectorTileServer"
"Hosted","Hosted/tile_CoberturaTierraLeyenda","MapServer"
"Hosted","Hosted/Tile_Equinos","VectorTileServer"
"Hosted","Hosted/Tile_EtanolDestileria","VectorTileServer"
"Hosted","Hosted/Tile_Ganaderiabovina","VectorTileServer"
"Hosted","Hosted/Tile_Ganaderiabufalina","VectorTileServer"
"Hosted","Hosted/tile_lc_1km","VectorTileServer"
"Hosted","Hosted/tile_lc_200m","VectorTileServer"
"Hosted","Hosted/tile_lc_5km","VectorTileServer"
"Hosted","Hosted/Tile_Maiz","VectorTileServer"
"Hosted","Hosted/Tile_Ovinocultura","VectorTileServer"
"Hosted","Hosted/Tile_Palmaceite","VectorTileServer"
"Hosted","Hosted/Tile_Platano","VectorTileServer"
"Hosted","Hosted/Tile_Porcicultura","VectorTileServer"
"Hosted","Hosted/tile_potencial_agricola","VectorTileServer"
"Hosted","Hosted/tile_potencial_pecuario","MapServer"
"Hosted","Hosted/tile_prediccion_radiacion_abril","MapServer"
"Hosted","Hosted/tile_prediccion_radiacion_agosto","MapServer"
"Hosted","Hosted/tile_prediccion_radiacion_diciembre","MapServer"
"Hosted","Hosted/tile_prediccion_radiacion_enero","MapServer"
"Hosted","Hosted/tile_prediccion_radiacion_febrero","MapServer"
"Hosted","Hosted/tile_prediccion_radiacion_julio","MapServer"
"Hosted","Hosted/tile_prediccion_radiacion_junio","MapServer"
"Hosted","Hosted/tile_prediccion_radiacion_marzo","MapServer"
"Hosted","Hosted/tile_prediccion_radiacion_mayo","MapServer"
"Hosted","Hosted/tile_prediccion_radiacion_noviembre","MapServer"
"Hosted","Hosted/tile_prediccion_radiacion_octubre","MapServer"
"Hosted","Hosted/tile_prediccion_radiacion_septiembre","MapServer"
"Hosted","Hosted/tile_radiacion_horizontal","MapServer"
"Hosted","Hosted/tile_radiacion_horizontal_2024","VectorTileServer"
"Hosted","Hosted/Tile_Rellenosolidosurbanos","VectorTileServer"
"Hosted","Hosted/tile_velocidad_viento","MapServer"
"Impresiones_Personalizadas","Impresiones_Personalizadas/impresion_personalizada_gps","GPServer"
"Impresiones_Personalizadas","Impresiones_Personalizadas/impresion_personalizada_upme","GPServer"
"Pruebas_Borrar","Pruebas_Borrar/Publicacion_Pruebas_Borrar","MapServer"
"SITIOSUPME","SITIOSUPME/UPME_BC_Sitios_UPME_Division_Politica","MapServer"
"SITIOSUPME","SITIOSUPME/UPME_BC_Sitios_UPME_Edicion","MapServer"
"SITIOSUPME","SITIOSUPME/UPME_BC_Sitios_UPME_Vistas","MapServer"
"SUBESTACIONES","SUBESTACIONES/UPME_EN_DI_SUBESTACION_consulta","MapServer"
"SUBESTACIONES","SUBESTACIONES/UPME_EN_DI_SUBESTACION_edicion","FeatureServer"
"","Tile_Caprinocultura","FeatureServer"
"Tiles","Tiles/Tile_Aguasresiduales","FeatureServer"
"Tiles","Tiles/Tile_Arroz","FeatureServer"
"Tiles","Tiles/Tile_Avicultura","FeatureServer"
"Tiles","Tiles/Tile_Banano","FeatureServer"
"Tiles","Tiles/Tile_Cafe","FeatureServer"
"Tiles","Tiles/Tile_CanaAzucar","MapServer"
"Tiles","Tiles/Tile_Canapanelera","FeatureServer"
"Tiles","Tiles/Tile_Equinos","FeatureServer"
"Tiles","Tiles/Tile_EtanolDestileria","FeatureServer"
"Tiles","Tiles/Tile_Ganaderiabovina","FeatureServer"
"Tiles","Tiles/Tile_Ganaderiabufalina","FeatureServer"
"Tiles","Tiles/Tile_Maiz","MapServer"
"Tiles","Tiles/Tile_Ovinocultura","FeatureServer"
"Tiles","Tiles/Tile_Palmaceite","FeatureServer"
"Tiles","Tiles/Tile_Platano","FeatureServer"
"Tiles","Tiles/Tile_Porcicultura","FeatureServer"
"Tiles","Tiles/Tile_Rellenosolidosurbanos","FeatureServer"
"Utilities","Utilities/GeocodingTools","GPServer"
"Utilities","Utilities/OfflinePackaging","GPServer"
"Utilities","Utilities/PrintingTools","GPServer"
"Utilities","Utilities/RasterUtilities","GPServer"
"VIABILIDAD_WTE","VIABILIDAD_WTE/Biomasa_Agricola","MapServer"
"VIABILIDAD_WTE","VIABILIDAD_WTE/Biomasa_Pecuaria","MapServer"
"VIABILIDAD_WTE","VIABILIDAD_WTE/Biomasa_RSOU","MapServer"
"VIABILIDAD_WTE","VIABILIDAD_WTE/PoblacionUrRu2020","MapServer"
"VIABILIDAD_WTE","VIABILIDAD_WTE/Rellenos_Mpio","MapServer"
"VIABILIDAD_WTE","VIABILIDAD_WTE/RUNAP","MapServer"
"VIABILIDAD_WTE","VIABILIDAD_WTE/Visor_MiWTE","MapServer"
"VIABILIDAD_WTE","VIABILIDAD_WTE/ZNIF","MapServer"
